id,first_name,last_name,username,day_off
585-6966,Bordy,Tolomelli,btolomelli0,4
417-7657,Genna,Harcase,gharcase1,4
276-3130,Nataniel,Comettoi,ncomettoi2,5
974-7147,Lee,Fillgate,lfillgate3,1
633-7790,Nowell,L'Amie,nlamie4,2
752-0008,Ingeberg,Reuss,ireuss5,3
226-5644,Melosa,Tredwell,mtredwell6,1
102-9593,Dolph,Veltmann,dveltmann7,1
188-0977,Georgy,Shufflebotham,gshufflebotham8,1
884-7439,Kirsti,Frammingham,kframmingham9,1
992-3245,Natalee,Pelman,npelmana,2
494-1030,Hadley,Mackney,hmackneyb,4
204-8320,Eleanor,Grute,egrutec,3
268-9184,Misty,McUre,mmcured,4
366-5250,Christabella,Chritchley,cchritchleye,5
220-7356,Tabbie,Haggath,thaggathf,1
594-3390,Timmie,Boole,tbooleg,4
383-4230,Ag,Craigmyle,acraigmyleh,5
827-2848,Carolyne,Ounsworth,counsworthi,3
569-0194,Olivero,Baudains,obaudainsj,2
556-1088,Jeniffer,Scrimshaw,jscrimshawk,4
663-9651,Stella,O'Carran,socarranl,4
690-2656,Harlene,Peniman,hpenimanm,2
408-4837,Jared,Doick,jdoickn,5
745-1497,Malena,Isakson,misaksono,2
098-9467,Mora,Quincey,mquinceyp,3
392-0885,Zachery,Horbath,zhorbathq,5
743-6656,Agretha,Bliben,ablibenr,3
995-8693,Nonah,Laidlow,nlaidlows,1
387-7225,Tine,Omond,tomondt,5
426-1906,Birgitta,Smythin,bsmythinu,2
282-8865,Danella,Saleway,dsalewayv,4
595-9628,Helaine,Gilli,hgilliw,1
295-5325,Clemence,Brozsset,cbrozssetx,2
128-8686,Vinita,Blamphin,vblamphiny,2
364-4540,Rachael,Brosi,rbrosiz,1
197-1109,Karyn,Roalfe,kroalfe10,2
006-8794,Nathanael,Rambadt,nrambadt11,2
630-1320,Lynsey,Kirvin,lkirvin12,5
413-7703,Inez,De Vaar,idevaar13,1
334-1161,Aurore,Dwyer,adwyer14,2
229-0475,Rosie,Scotson,rscotson15,5
892-6973,Rupert,Chatell,rchatell16,1
832-5738,Jocelyne,Dimitrov,jdimitrov17,3
892-8010,Cordy,Godfrey,cgodfrey18,4
347-3177,Grange,Marshalleck,gmarshalleck19,4
548-9479,Kenn,Huyton,khuyton1a,4
737-9141,Thomas,Davidovics,tdavidovics1b,4
805-9377,Rahal,Timmens,rtimmens1c,4
684-2246,Shelby,Delhanty,sdelhanty1d,1
